priority,relationship,company_name,company_number,avatar,avatar_reason,trade_or_sic,region,incorporated,accounts_filing_category,registered_address,postcode,companies_house_url,source,notes
1 — WARM (contact first),warm — existing KEYIS supply chain,360 Fire Limited,,PENDING_CLASSIFICATION,KEYIS supply chain · CH classification pending,Fire & Security,NW,,,,,,KEYIS Subcontractor H&S Register (NW),
1 — WARM (contact first),warm — existing KEYIS supply chain,4Way Electrical Limited,,PENDING_CLASSIFICATION,KEYIS supply chain · CH classification pending,Electrical Subcontractors,Main,,,,,,KEYIS Subcontractor H&S Register (Main),
1 — WARM (contact first),warm — existing KEYIS supply chain,758863 Ltd T/A Aquaclean,,PENDING_CLASSIFICATION,KEYIS supply chain · CH classification pending,Commissioning & Water Treatment,NW,,,,,,KEYIS Subcontractor H&S Register (NW),
1 — WARM (contact first),warm — existing KEYIS supply chain,A I Joinery and Shopfitting LTD,,PENDING_CLASSIFICATION,KEYIS supply chain · CH classification pending,Building/Civils,NW,,,,,,KEYIS Subcontractor H&S Register (NW),
1 — WARM (contact first),warm — existing KEYIS supply chain,ABM  Energy Ltd,,PENDING_CLASSIFICATION,KEYIS supply chain · CH classification pending,Piped Services,NW,,,,,,KEYIS Subcontractor H&S Register (NW),
1 — WARM (contact first),warm — existing KEYIS supply chain,AC AOV Ltd,,PENDING_CLASSIFICATION,KEYIS supply chain · CH classification pending,Ductwork & Ancillaries,NW,,,,,,KEYIS Subcontractor H&S Register (NW),
1 — WARM (contact first),warm — existing KEYIS supply chain,ADI Automotive Services,,PENDING_CLASSIFICATION,KEYIS supply chain · CH classification pending,Control Panels/ BMS,NW,,,,,,KEYIS Subcontractor H&S Register (NW),
1 — WARM (contact first),warm — existing KEYIS supply chain,ADI Fire and Security Limited,,PENDING_CLASSIFICATION,KEYIS supply chain · CH classification pending,Fire & Security,NW,,,,,,KEYIS Subcontractor H&S Register (NW),
1 — WARM (contact first),warm — existing KEYIS supply chain,ADT Fire & Security PLC,,PENDING_CLASSIFICATION,KEYIS supply chain · CH classification pending,Fire & Security,Main,,,,,,KEYIS Subcontractor H&S Register (Main),
1 — WARM (contact first),warm — existing KEYIS supply chain,AES Controls,,PENDING_CLASSIFICATION,KEYIS supply chain · CH classification pending,Electrical Subcontractors,Main,,,,,,KEYIS Subcontractor H&S Register (Main),
1 — WARM (contact first),warm — existing KEYIS supply chain,AF Switchgear,,PENDING_CLASSIFICATION,KEYIS supply chain · CH classification pending,Switchgear,NW,,,,,,KEYIS Subcontractor H&S Register (NW),
1 — WARM (contact first),warm — existing KEYIS supply chain,AFS Holdings Limited,,PENDING_CLASSIFICATION,KEYIS supply chain · CH classification pending,Fire & Security,Main,,,,,,KEYIS Subcontractor H&S Register (Main),
1 — WARM (contact first),warm — existing KEYIS supply chain,AMG Contracts Ltd,,PENDING_CLASSIFICATION,KEYIS supply chain · CH classification pending,Groundworkers/Civils,Main,,,,,,KEYIS Subcontractor H&S Register (Main),
1 — WARM (contact first),warm — existing KEYIS supply chain,APS Projects Ltd,,PENDING_CLASSIFICATION,KEYIS supply chain · CH classification pending,Joinery,Main,,,,,,KEYIS Subcontractor H&S Register (Main),
1 — WARM (contact first),warm — existing KEYIS supply chain,Aaron Access Ltd,,PENDING_CLASSIFICATION,KEYIS supply chain · CH classification pending,Fire & Security,NW,,,,,,KEYIS Subcontractor H&S Register (NW),
1 — WARM (contact first),warm — existing KEYIS supply chain,Adexsi UK Ltd,,PENDING_CLASSIFICATION,KEYIS supply chain · CH classification pending,Ductwork/ Ventilation,NW,,,,,,KEYIS Subcontractor H&S Register (NW),
1 — WARM (contact first),warm — existing KEYIS supply chain,Advanced Fire Solutions Ltd,,PENDING_CLASSIFICATION,KEYIS supply chain · CH classification pending,Fire & Security,Main,,,,,,KEYIS Subcontractor H&S Register (Main),
1 — WARM (contact first),warm — existing KEYIS supply chain,Aggreko UK Limited,,PENDING_CLASSIFICATION,KEYIS supply chain · CH classification pending,Electrical Subcontractors,Main,,,,,,KEYIS Subcontractor H&S Register (Main),
1 — WARM (contact first),warm — existing KEYIS supply chain,Air Supply Manchester,,PENDING_CLASSIFICATION,KEYIS supply chain · CH classification pending,Compressed Air/Gases,NW,,,,,,KEYIS Subcontractor H&S Register (NW),
1 — WARM (contact first),warm — existing KEYIS supply chain,Aldrock,,PENDING_CLASSIFICATION,KEYIS supply chain · CH classification pending,Design / Consultants,NW,,,,,,KEYIS Subcontractor H&S Register (NW),
1 — WARM (contact first),warm — existing KEYIS supply chain,All Counties HVAC Ltd,,PENDING_CLASSIFICATION,KEYIS supply chain · CH classification pending,Commissioning,NW,,,,,,KEYIS Subcontractor H&S Register (NW),
1 — WARM (contact first),warm — existing KEYIS supply chain,Allangate Mechanical Services Limited,,PENDING_CLASSIFICATION,KEYIS supply chain · CH classification pending,Piped Services,NW,,,,,,KEYIS Subcontractor H&S Register (NW),
1 — WARM (contact first),warm — existing KEYIS supply chain,Alphadite,,PENDING_CLASSIFICATION,KEYIS supply chain · CH classification pending,Lightning Protection,NW,,,,,,KEYIS Subcontractor H&S Register (NW),
1 — WARM (contact first),warm — existing KEYIS supply chain,Amber Projects NW Ltd,,PENDING_CLASSIFICATION,KEYIS supply chain · CH classification pending,Electrical Subcontractors,NW,,,,,,KEYIS Subcontractor H&S Register (NW),
1 — WARM (contact first),warm — existing KEYIS supply chain,Ampion Testing Ltd,,PENDING_CLASSIFICATION,KEYIS supply chain · CH classification pending,Electrical Subcontractors,NW,,,,,,KEYIS Subcontractor H&S Register (NW),
1 — WARM (contact first),warm — existing KEYIS supply chain,Anscomb Civil Enginnering Limted,,PENDING_CLASSIFICATION,KEYIS supply chain · CH classification pending,Building/Civils,NW,,,,,,KEYIS Subcontractor H&S Register (NW),
1 — WARM (contact first),warm — existing KEYIS supply chain,Apco Electrical Ltd,,PENDING_CLASSIFICATION,KEYIS supply chain · CH classification pending,Electrical Subcontractors,NW,,,,,,KEYIS Subcontractor H&S Register (NW),
1 — WARM (contact first),warm — existing KEYIS supply chain,Argus Fire,,PENDING_CLASSIFICATION,KEYIS supply chain · CH classification pending,Fire Stopping,NW,,,,,,KEYIS Subcontractor H&S Register (NW),
1 — WARM (contact first),warm — existing KEYIS supply chain,Armah Switchgear Limited,,PENDING_CLASSIFICATION,KEYIS supply chain · CH classification pending,Electrical Subcontractors,Main,,,,,,KEYIS Subcontractor H&S Register (Main),
1 — WARM (contact first),warm — existing KEYIS supply chain,Armstrong Building and  Maintenance Limited,,PENDING_CLASSIFICATION,KEYIS supply chain · CH classification pending,Maintenance,NW,,,,,,KEYIS Subcontractor H&S Register (NW),
1 — WARM (contact first),warm — existing KEYIS supply chain,Askew,,PENDING_CLASSIFICATION,KEYIS supply chain · CH classification pending,Ductwork & Ancillaries,NW,,,,,,KEYIS Subcontractor H&S Register (NW),
1 — WARM (contact first),warm — existing KEYIS supply chain,Avalon Technology Group LLP,,PENDING_CLASSIFICATION,KEYIS supply chain · CH classification pending,Fire & Security,Main,,,,,,KEYIS Subcontractor H&S Register (Main),
1 — WARM (contact first),warm — existing KEYIS supply chain,B & D Electrical Ltd,,PENDING_CLASSIFICATION,KEYIS supply chain · CH classification pending,Electrical Subcontractors,Main,,,,,,KEYIS Subcontractor H&S Register (Main),
1 — WARM (contact first),warm — existing KEYIS supply chain,B.A.B. Plastering Ltd,,PENDING_CLASSIFICATION,KEYIS supply chain · CH classification pending,Building/Civils,NW,,,,,,KEYIS Subcontractor H&S Register (NW),
1 — WARM (contact first),warm — existing KEYIS supply chain,BDL Fire Protection,,PENDING_CLASSIFICATION,KEYIS supply chain · CH classification pending,Fire & Security,NW,,,,,,KEYIS Subcontractor H&S Register (NW),
1 — WARM (contact first),warm — existing KEYIS supply chain,BEST,,PENDING_CLASSIFICATION,KEYIS supply chain · CH classification pending,Electrical Subcontractors,Main,,,,,,KEYIS Subcontractor H&S Register (Main),
1 — WARM (contact first),warm — existing KEYIS supply chain,BMSI,,PENDING_CLASSIFICATION,KEYIS supply chain · CH classification pending,Control Panels/ BMS,NW,,,,,,KEYIS Subcontractor H&S Register (NW),
1 — WARM (contact first),warm — existing KEYIS supply chain,Bailey & Medd Decorators,,PENDING_CLASSIFICATION,KEYIS supply chain · CH classification pending,Decorating,NW,,,,,,KEYIS Subcontractor H&S Register (NW),
1 — WARM (contact first),warm — existing KEYIS supply chain,Bayley Security,,PENDING_CLASSIFICATION,KEYIS supply chain · CH classification pending,Security Only,NW,,,,,,KEYIS Subcontractor H&S Register (NW),
1 — WARM (contact first),warm — existing KEYIS supply chain,Bedford Electrical Limited,,PENDING_CLASSIFICATION,KEYIS supply chain · CH classification pending,Electrical Subcontractors,Main,,,,,,KEYIS Subcontractor H&S Register (Main),
1 — WARM (contact first),warm — existing KEYIS supply chain,Behtech Systems Ltd,,PENDING_CLASSIFICATION,KEYIS supply chain · CH classification pending,Electrical Subcontractors,NW,,,,,,KEYIS Subcontractor H&S Register (NW),
1 — WARM (contact first),warm — existing KEYIS supply chain,Bespoke Refrigeration & Air Conditioning Ltd,,PENDING_CLASSIFICATION,KEYIS supply chain · CH classification pending,Ductwork & Ancillaries,NW,,,,,,KEYIS Subcontractor H&S Register (NW),
1 — WARM (contact first),warm — existing KEYIS supply chain,Besseges Ltd,,PENDING_CLASSIFICATION,KEYIS supply chain · CH classification pending,Fire & Security,NW,,,,,,KEYIS Subcontractor H&S Register (NW),
1 — WARM (contact first),warm — existing KEYIS supply chain,Black Ash Properties Limited,,PENDING_CLASSIFICATION,KEYIS supply chain · CH classification pending,Electrical Subcontractors,NW,,,,,,KEYIS Subcontractor H&S Register (NW),
1 — WARM (contact first),warm — existing KEYIS supply chain,Bolton Gate Services,,PENDING_CLASSIFICATION,KEYIS supply chain · CH classification pending,Door Services,NW,,,,,,KEYIS Subcontractor H&S Register (NW),
1 — WARM (contact first),warm — existing KEYIS supply chain,Boulting Limited,,PENDING_CLASSIFICATION,KEYIS supply chain · CH classification pending,Electrical Subcontractors,Main,,,,,,KEYIS Subcontractor H&S Register (Main),
1 — WARM (contact first),warm — existing KEYIS supply chain,Bradley's Surfacing Systems,,PENDING_CLASSIFICATION,KEYIS supply chain · CH classification pending,Fire & Security,NW,,,,,,KEYIS Subcontractor H&S Register (NW),
1 — WARM (contact first),warm — existing KEYIS supply chain,Brendeck Ltd,,PENDING_CLASSIFICATION,KEYIS supply chain · CH classification pending,Maintenance,NW,,,,,,KEYIS Subcontractor H&S Register (NW),
1 — WARM (contact first),warm — existing KEYIS supply chain,Brian Hodgson Ltd,,PENDING_CLASSIFICATION,KEYIS supply chain · CH classification pending,Electrical Subcontractors,NW,,,,,,KEYIS Subcontractor H&S Register (NW),
1 — WARM (contact first),warm — existing KEYIS supply chain,Brodex Trident,,PENDING_CLASSIFICATION,KEYIS supply chain · CH classification pending,Commissioning & Water Treatment,NW,,,,,,KEYIS Subcontractor H&S Register (NW),
1 — WARM (contact first),warm — existing KEYIS supply chain,Brooke Edgley Specialist technical services,,PENDING_CLASSIFICATION,KEYIS supply chain · CH classification pending,Lightning Protection,NW,,,,,,KEYIS Subcontractor H&S Register (NW),
1 — WARM (contact first),warm — existing KEYIS supply chain,Building Management Solutions Integrators Ltd,,PENDING_CLASSIFICATION,KEYIS supply chain · CH classification pending,Maintenance,NW,,,,,,KEYIS Subcontractor H&S Register (NW),
1 — WARM (contact first),warm — existing KEYIS supply chain,Burgess Road Surfacing,,PENDING_CLASSIFICATION,KEYIS supply chain · CH classification pending,Road Surfacing,NW,,,,,,KEYIS Subcontractor H&S Register (NW),
1 — WARM (contact first),warm — existing KEYIS supply chain,C&C Catering Engineers Limited,,PENDING_CLASSIFICATION,KEYIS supply chain · CH classification pending,Mechanical / Installation,NW,,,,,,KEYIS Subcontractor H&S Register (NW),
1 — WARM (contact first),warm — existing KEYIS supply chain,CAM Group Services Ltd,,PENDING_CLASSIFICATION,KEYIS supply chain · CH classification pending,Electrical Subcontractors,Main,,,,,,KEYIS Subcontractor H&S Register (Main),
1 — WARM (contact first),warm — existing KEYIS supply chain,CDS Security & Fire,,PENDING_CLASSIFICATION,KEYIS supply chain · CH classification pending,Fire & Security,NW,,,,,,KEYIS Subcontractor H&S Register (NW),
1 — WARM (contact first),warm — existing KEYIS supply chain,CG Electrical (NW) Limited,,PENDING_CLASSIFICATION,KEYIS supply chain · CH classification pending,Electrical Subcontractors,NW,,,,,,KEYIS Subcontractor H&S Register (NW),
1 — WARM (contact first),warm — existing KEYIS supply chain,CSK Building Services,,PENDING_CLASSIFICATION,KEYIS supply chain · CH classification pending,Building/Civils,NW,,,,,,KEYIS Subcontractor H&S Register (NW),
1 — WARM (contact first),warm — existing KEYIS supply chain,CU Electrical Ltd,,PENDING_CLASSIFICATION,KEYIS supply chain · CH classification pending,Electrical Subcontractors,NW,,,,,,KEYIS Subcontractor H&S Register (NW),
1 — WARM (contact first),warm — existing KEYIS supply chain,CVAD Ltd,,PENDING_CLASSIFICATION,KEYIS supply chain · CH classification pending,Fire & Security,Main,,,,,,KEYIS Subcontractor H&S Register (Main),
1 — WARM (contact first),warm — existing KEYIS supply chain,CX Energy,,PENDING_CLASSIFICATION,KEYIS supply chain · CH classification pending,Electrical Subcontractors,Main,,,,,,KEYIS Subcontractor H&S Register (Main),
1 — WARM (contact first),warm — existing KEYIS supply chain,Cable Smart Ltd,,PENDING_CLASSIFICATION,KEYIS supply chain · CH classification pending,Electrical Subcontractors,NW,,,,,,KEYIS Subcontractor H&S Register (NW),
1 — WARM (contact first),warm — existing KEYIS supply chain,Cableco Romans (Cable Contractors) Ltd,,PENDING_CLASSIFICATION,KEYIS supply chain · CH classification pending,Electrical Subcontractors,Main,,,,,,KEYIS Subcontractor H&S Register (Main),
1 — WARM (contact first),warm — existing KEYIS supply chain,Caice Acoustic Air Movement Ltd,,PENDING_CLASSIFICATION,KEYIS supply chain · CH classification pending,Ductwork & Ancillaries,NW,,,,,,KEYIS Subcontractor H&S Register (NW),
1 — WARM (contact first),warm — existing KEYIS supply chain,Calstan,,PENDING_CLASSIFICATION,KEYIS supply chain · CH classification pending,Piped Services,NW,,,,,,KEYIS Subcontractor H&S Register (NW),
1 — WARM (contact first),warm — existing KEYIS supply chain,Capeland Limited,,PENDING_CLASSIFICATION,KEYIS supply chain · CH classification pending,Floor Specialists,NW,,,,,,KEYIS Subcontractor H&S Register (NW),
1 — WARM (contact first),warm — existing KEYIS supply chain,Castle Scaffold,,PENDING_CLASSIFICATION,KEYIS supply chain · CH classification pending,Scaffolding,NW,,,,,,KEYIS Subcontractor H&S Register (NW),
1 — WARM (contact first),warm — existing KEYIS supply chain,Cenelec Standards Inspections Ltd,,PENDING_CLASSIFICATION,KEYIS supply chain · CH classification pending,Maintenance,NW,,,,,,KEYIS Subcontractor H&S Register (NW),
1 — WARM (contact first),warm — existing KEYIS supply chain,Century Secure Group UK Ltd,,PENDING_CLASSIFICATION,KEYIS supply chain · CH classification pending,Fire & Security,Main,,,,,,KEYIS Subcontractor H&S Register (Main),
1 — WARM (contact first),warm — existing KEYIS supply chain,Check Fire & Security Limited,,PENDING_CLASSIFICATION,KEYIS supply chain · CH classification pending,Fire & Security,NW,,,,,,KEYIS Subcontractor H&S Register (NW),
1 — WARM (contact first),warm — existing KEYIS supply chain,Checkmate Fire Solutions Ltd,,PENDING_CLASSIFICATION,KEYIS supply chain · CH classification pending,Fire Stopping,NW,,,,,,KEYIS Subcontractor H&S Register (NW),
1 — WARM (contact first),warm — existing KEYIS supply chain,City Water Pre-Com Limited,,PENDING_CLASSIFICATION,KEYIS supply chain · CH classification pending,Commissioning & Water Treatment,NW,,,,,,KEYIS Subcontractor H&S Register (NW),
1 — WARM (contact first),warm — existing KEYIS supply chain,Clear Image Systems Ltd,,PENDING_CLASSIFICATION,KEYIS supply chain · CH classification pending,Fire & Security,NW,,,,,,KEYIS Subcontractor H&S Register (NW),
1 — WARM (contact first),warm — existing KEYIS supply chain,Compact Services NE Ltd,,PENDING_CLASSIFICATION,KEYIS supply chain · CH classification pending,Building/Civils,NW,,,,,,KEYIS Subcontractor H&S Register (NW),
1 — WARM (contact first),warm — existing KEYIS supply chain,Complete Cooling Services,,PENDING_CLASSIFICATION,KEYIS supply chain · CH classification pending,Air Conditioning & Refrigeration,Main,,,,,,KEYIS Subcontractor H&S Register (Main),
1 — WARM (contact first),warm — existing KEYIS supply chain,Complete Cooling Solutions,,PENDING_CLASSIFICATION,KEYIS supply chain · CH classification pending,Lift & Shift,Main,,,,,,KEYIS Subcontractor H&S Register (Main),
1 — WARM (contact first),warm — existing KEYIS supply chain,Complete Sustainability Solutions Ltd,,PENDING_CLASSIFICATION,KEYIS supply chain · CH classification pending,Design / Consultants,NW,,,,,,KEYIS Subcontractor H&S Register (NW),
1 — WARM (contact first),warm — existing KEYIS supply chain,Concrete Drilling Services Ltd,,PENDING_CLASSIFICATION,KEYIS supply chain · CH classification pending,Drilling,Main,,,,,,KEYIS Subcontractor H&S Register (Main),
1 — WARM (contact first),warm — existing KEYIS supply chain,Coolduct,,PENDING_CLASSIFICATION,KEYIS supply chain · CH classification pending,Ductwork & Ancillaries,NW,,,,,,KEYIS Subcontractor H&S Register (NW),
1 — WARM (contact first),warm — existing KEYIS supply chain,Copeman Construction Services,,PENDING_CLASSIFICATION,KEYIS supply chain · CH classification pending,Groundworkers/Civils,Main,,,,,,KEYIS Subcontractor H&S Register (Main),
1 — WARM (contact first),warm — existing KEYIS supply chain,Core (Cable Contractors) Ltd,,PENDING_CLASSIFICATION,KEYIS supply chain · CH classification pending,Electrical Subcontractors,NW,,,,,,KEYIS Subcontractor H&S Register (NW),
1 — WARM (contact first),warm — existing KEYIS supply chain,Critical Data Centre Solutions Ltd,,PENDING_CLASSIFICATION,KEYIS supply chain · CH classification pending,Electrical Subcontractors,Main,,,,,,KEYIS Subcontractor H&S Register (Main),
1 — WARM (contact first),warm — existing KEYIS supply chain,Crookes Walker Consulting Limited,,PENDING_CLASSIFICATION,KEYIS supply chain · CH classification pending,Design / Consultants,NW,,,,,,KEYIS Subcontractor H&S Register (NW),
1 — WARM (contact first),warm — existing KEYIS supply chain,Crown Flooring,,PENDING_CLASSIFICATION,KEYIS supply chain · CH classification pending,Floor Specialists,NW,,,,,,KEYIS Subcontractor H&S Register (NW),
1 — WARM (contact first),warm — existing KEYIS supply chain,Current Compliance,,PENDING_CLASSIFICATION,KEYIS supply chain · CH classification pending,Electrical Subcontractors,NW,,,,,,KEYIS Subcontractor H&S Register (NW),
1 — WARM (contact first),warm — existing KEYIS supply chain,Custom Energy Solutions,,PENDING_CLASSIFICATION,KEYIS supply chain · CH classification pending,Electrical Subcontractors,Main,,,,,,KEYIS Subcontractor H&S Register (Main),
1 — WARM (contact first),warm — existing KEYIS supply chain,D And A Systems Ltd,,PENDING_CLASSIFICATION,KEYIS supply chain · CH classification pending,Electrical Subcontractors,NW,,,,,,KEYIS Subcontractor H&S Register (NW),
1 — WARM (contact first),warm — existing KEYIS supply chain,D R Reaney & Sons Ltd,,PENDING_CLASSIFICATION,KEYIS supply chain · CH classification pending,Building/Civils,NW,,,,,,KEYIS Subcontractor H&S Register (NW),
1 — WARM (contact first),warm — existing KEYIS supply chain,DACI Utilities Engineering Consultancy Ltd,,PENDING_CLASSIFICATION,KEYIS supply chain · CH classification pending,Design/Consutlancy,Main,,,,,,KEYIS Subcontractor H&S Register (Main),
1 — WARM (contact first),warm — existing KEYIS supply chain,DCS Scaffolding,,PENDING_CLASSIFICATION,KEYIS supply chain · CH classification pending,Scaffolding,NW,,,,,,KEYIS Subcontractor H&S Register (NW),
1 — WARM (contact first),warm — existing KEYIS supply chain,DNU / A Star Engineering Services,,PENDING_CLASSIFICATION,KEYIS supply chain · CH classification pending,Mechanical / Installation,NW,,,,,,KEYIS Subcontractor H&S Register (NW),
1 — WARM (contact first),warm — existing KEYIS supply chain,DNU / Kasb Services Ltd,,PENDING_CLASSIFICATION,KEYIS supply chain · CH classification pending,Maintenance,NW,,,,,,KEYIS Subcontractor H&S Register (NW),
1 — WARM (contact first),warm — existing KEYIS supply chain,DP Construction NE Ltd,,PENDING_CLASSIFICATION,KEYIS supply chain · CH classification pending,Building/Civils,NW,,,,,,KEYIS Subcontractor H&S Register (NW),
1 — WARM (contact first),warm — existing KEYIS supply chain,DSIS Solutions Ltd,,PENDING_CLASSIFICATION,KEYIS supply chain · CH classification pending,Data,NW,,,,,,KEYIS Subcontractor H&S Register (NW),
1 — WARM (contact first),warm — existing KEYIS supply chain,Daemon Fire and Security Ltd,,PENDING_CLASSIFICATION,KEYIS supply chain · CH classification pending,Fire & Security,Main,,,,,,KEYIS Subcontractor H&S Register (Main),
1 — WARM (contact first),warm — existing KEYIS supply chain,Dal Electrical Services Ltd,,PENDING_CLASSIFICATION,KEYIS supply chain · CH classification pending,Electrical Subcontractors,NW,,,,,,KEYIS Subcontractor H&S Register (NW),
1 — WARM (contact first),warm — existing KEYIS supply chain,Danby Projects Ltd,,PENDING_CLASSIFICATION,KEYIS supply chain · CH classification pending,Fire & Security,NW,,,,,,KEYIS Subcontractor H&S Register (NW),
1 — WARM (contact first),warm — existing KEYIS supply chain,DataFlow,,PENDING_CLASSIFICATION,KEYIS supply chain · CH classification pending,Data,NW,,,,,,KEYIS Subcontractor H&S Register (NW),
1 — WARM (contact first),warm — existing KEYIS supply chain,Deakins Plumbing and Heating Ltd,,PENDING_CLASSIFICATION,KEYIS supply chain · CH classification pending,Piped Services,NW,,,,,,KEYIS Subcontractor H&S Register (NW),
1 — WARM (contact first),warm — existing KEYIS supply chain,Defabs,,PENDING_CLASSIFICATION,KEYIS supply chain · CH classification pending,Fabrication,Main,,,,,,KEYIS Subcontractor H&S Register (Main),
1 — WARM (contact first),warm — existing KEYIS supply chain,Detectnology,,PENDING_CLASSIFICATION,KEYIS supply chain · CH classification pending,Electrical Subcontractors,NW,,,,,,KEYIS Subcontractor H&S Register (NW),
1 — WARM (contact first),warm — existing KEYIS supply chain,Dieselec Thistle Generators T/A DTGen,,PENDING_CLASSIFICATION,KEYIS supply chain · CH classification pending,Generators,Main,,,,,,KEYIS Subcontractor H&S Register (Main),
1 — WARM (contact first),warm — existing KEYIS supply chain,Direction Fire Ltd,,PENDING_CLASSIFICATION,KEYIS supply chain · CH classification pending,Fire & Security,NW,,,,,,KEYIS Subcontractor H&S Register (NW),
1 — WARM (contact first),warm — existing KEYIS supply chain,Dolphin Media & Design,,PENDING_CLASSIFICATION,KEYIS supply chain · CH classification pending,Telecommunications,NW,,,,,,KEYIS Subcontractor H&S Register (NW),
1 — WARM (contact first),warm — existing KEYIS supply chain,Door Support (North East) Limtied,,PENDING_CLASSIFICATION,KEYIS supply chain · CH classification pending,Door Services,NW,,,,,,KEYIS Subcontractor H&S Register (NW),
1 — WARM (contact first),warm — existing KEYIS supply chain,Dougal & Railton Ltd,,PENDING_CLASSIFICATION,KEYIS supply chain · CH classification pending,Electrical Subcontractors,NW,,,,,,KEYIS Subcontractor H&S Register (NW),
1 — WARM (contact first),warm — existing KEYIS supply chain,Drew & Co Ltd,,PENDING_CLASSIFICATION,KEYIS supply chain · CH classification pending,Electrical Subcontractors,Main,,,,,,KEYIS Subcontractor H&S Register (Main),
1 — WARM (contact first),warm — existing KEYIS supply chain,Druggitt and Harding,,PENDING_CLASSIFICATION,KEYIS supply chain · CH classification pending,Piped Services,NW,,,,,,KEYIS Subcontractor H&S Register (NW),
1 — WARM (contact first),warm — existing KEYIS supply chain,Dura Pump Ltd,,PENDING_CLASSIFICATION,KEYIS supply chain · CH classification pending,Maintenance,NW,,,,,,KEYIS Subcontractor H&S Register (NW),
1 — WARM (contact first),warm — existing KEYIS supply chain,Durose,,PENDING_CLASSIFICATION,KEYIS supply chain · CH classification pending,Building/Civils,NW,,,,,,KEYIS Subcontractor H&S Register (NW),
1 — WARM (contact first),warm — existing KEYIS supply chain,E & I Engineering Ltd,,PENDING_CLASSIFICATION,KEYIS supply chain · CH classification pending,Electrical Subcontractors,NW,,,,,,KEYIS Subcontractor H&S Register (NW),
1 — WARM (contact first),warm — existing KEYIS supply chain,E E Thompson & Son Ltd,,PENDING_CLASSIFICATION,KEYIS supply chain · CH classification pending,Electrical Subcontractors,NW,,,,,,KEYIS Subcontractor H&S Register (NW),
1 — WARM (contact first),warm — existing KEYIS supply chain,E3P,,PENDING_CLASSIFICATION,KEYIS supply chain · CH classification pending,Ductwork & Ancillaries,NW,,,,,,KEYIS Subcontractor H&S Register (NW),
1 — WARM (contact first),warm — existing KEYIS supply chain,EES (London) Limited,,PENDING_CLASSIFICATION,KEYIS supply chain · CH classification pending,Electrical Subcontractors,Main,,,,,,KEYIS Subcontractor H&S Register (Main),
1 — WARM (contact first),warm — existing KEYIS supply chain,EESI Ltd,,PENDING_CLASSIFICATION,KEYIS supply chain · CH classification pending,Electrical Subcontractors,Main,,,,,,KEYIS Subcontractor H&S Register (Main),
1 — WARM (contact first),warm — existing KEYIS supply chain,EIT Electrical Ltd,,PENDING_CLASSIFICATION,KEYIS supply chain · CH classification pending,Electrical Subcontractors,NW,,,,,,KEYIS Subcontractor H&S Register (NW),
1 — WARM (contact first),warm — existing KEYIS supply chain,EMP,,PENDING_CLASSIFICATION,KEYIS supply chain · CH classification pending,Electrical Subcontractors,NW,,,,,,KEYIS Subcontractor H&S Register (NW),
1 — WARM (contact first),warm — existing KEYIS supply chain,ESE Limited,,PENDING_CLASSIFICATION,KEYIS supply chain · CH classification pending,Electrical Subcontractors,NW,,,,,,KEYIS Subcontractor H&S Register (NW),
1 — WARM (contact first),warm — existing KEYIS supply chain,East Anglia Lighting Protection Ltd,,PENDING_CLASSIFICATION,KEYIS supply chain · CH classification pending,Electrical Subcontractors,Main,,,,,,KEYIS Subcontractor H&S Register (Main),
1 — WARM (contact first),warm — existing KEYIS supply chain,East Solutions Ltd (Energy & Systems Technical),,PENDING_CLASSIFICATION,KEYIS supply chain · CH classification pending,Electrical Subcontractors,Main,,,,,,KEYIS Subcontractor H&S Register (Main),
1 — WARM (contact first),warm — existing KEYIS supply chain,Eco Energy Cleaning Solutions,,PENDING_CLASSIFICATION,KEYIS supply chain · CH classification pending,Hygiene Services,NW,,,,,,KEYIS Subcontractor H&S Register (NW),
1 — WARM (contact first),warm — existing KEYIS supply chain,Elcomponet Ltd,,PENDING_CLASSIFICATION,KEYIS supply chain · CH classification pending,Fire & Security,NW,,,,,,KEYIS Subcontractor H&S Register (NW),
1 — WARM (contact first),warm — existing KEYIS supply chain,Elect Building and Maintenance Limited,,PENDING_CLASSIFICATION,KEYIS supply chain · CH classification pending,Electrical Subcontractors,NW,,,,,,KEYIS Subcontractor H&S Register (NW),
1 — WARM (contact first),warm — existing KEYIS supply chain,Electric Power Engineering Services Ltd,,PENDING_CLASSIFICATION,KEYIS supply chain · CH classification pending,Electrical Subcontractors,Main,,,,,,KEYIS Subcontractor H&S Register (Main),
1 — WARM (contact first),warm — existing KEYIS supply chain,Electrical Switchgear Services Ltd,,PENDING_CLASSIFICATION,KEYIS supply chain · CH classification pending,Electrical Subcontractors,Main,,,,,,KEYIS Subcontractor H&S Register (Main),
1 — WARM (contact first),warm — existing KEYIS supply chain,Electrical design Installation Ltd,,PENDING_CLASSIFICATION,KEYIS supply chain · CH classification pending,Electrical Subcontractors,Main,,,,,,KEYIS Subcontractor H&S Register (Main),
1 — WARM (contact first),warm — existing KEYIS supply chain,Elite Underfloor Heating Limtied,,PENDING_CLASSIFICATION,KEYIS supply chain · CH classification pending,Floor Specialists,NW,,,,,,KEYIS Subcontractor H&S Register (NW),
1 — WARM (contact first),warm — existing KEYIS supply chain,Elmec Installations,,PENDING_CLASSIFICATION,KEYIS supply chain · CH classification pending,Electrical Subcontractors,Main,,,,,,KEYIS Subcontractor H&S Register (Main),
1 — WARM (contact first),warm — existing KEYIS supply chain,End Systems,,PENDING_CLASSIFICATION,KEYIS supply chain · CH classification pending,Commissioning,NW,,,,,,KEYIS Subcontractor H&S Register (NW),
1 — WARM (contact first),warm — existing KEYIS supply chain,Engineered Systems (Electrical) Ltd,,PENDING_CLASSIFICATION,KEYIS supply chain · CH classification pending,Electrical Subcontractors,NW,,,,,,KEYIS Subcontractor H&S Register (NW),
1 — WARM (contact first),warm — existing KEYIS supply chain,Equilibrium Architects Ltd,,PENDING_CLASSIFICATION,KEYIS supply chain · CH classification pending,Design / Consultants,NW,,,,,,KEYIS Subcontractor H&S Register (NW),
1 — WARM (contact first),warm — existing KEYIS supply chain,Evolve Data Solutions Ltd,,PENDING_CLASSIFICATION,KEYIS supply chain · CH classification pending,Electrical Subcontractors,Main,,,,,,KEYIS Subcontractor H&S Register (Main),
1 — WARM (contact first),warm — existing KEYIS supply chain,Express Data Ltd,,PENDING_CLASSIFICATION,KEYIS supply chain · CH classification pending,Data,NW,,,,,,KEYIS Subcontractor H&S Register (NW),
1 — WARM (contact first),warm — existing KEYIS supply chain,F.B. Taylor Ltd,,PENDING_CLASSIFICATION,KEYIS supply chain · CH classification pending,Fire & Security,NW,,,,,,KEYIS Subcontractor H&S Register (NW),
1 — WARM (contact first),warm — existing KEYIS supply chain,Farr Engineering Services Limited,,PENDING_CLASSIFICATION,KEYIS supply chain · CH classification pending,Electrical Subcontractors,Main,,,,,,KEYIS Subcontractor H&S Register (Main),
1 — WARM (contact first),warm — existing KEYIS supply chain,Fenland Fire Appliance LLP,,PENDING_CLASSIFICATION,KEYIS supply chain · CH classification pending,Fire & Security,Main,,,,,,KEYIS Subcontractor H&S Register (Main),
1 — WARM (contact first),warm — existing KEYIS supply chain,Fibrenex,,PENDING_CLASSIFICATION,KEYIS supply chain · CH classification pending,Electrical Subcontractors,NW,,,,,,KEYIS Subcontractor H&S Register (NW),
1 — WARM (contact first),warm — existing KEYIS supply chain,Firdale Construction Ltd,,PENDING_CLASSIFICATION,KEYIS supply chain · CH classification pending,Building/Civils,NW,,,,,,KEYIS Subcontractor H&S Register (NW),
1 — WARM (contact first),warm — existing KEYIS supply chain,Firestop Systems (UK) Ltd,,PENDING_CLASSIFICATION,KEYIS supply chain · CH classification pending,Fire Stopping,NW,,,,,,KEYIS Subcontractor H&S Register (NW),
1 — WARM (contact first),warm — existing KEYIS supply chain,Focus Security,,PENDING_CLASSIFICATION,KEYIS supply chain · CH classification pending,Fire & Security,Main,,,,,,KEYIS Subcontractor H&S Register (Main),
1 — WARM (contact first),warm — existing KEYIS supply chain,Frazer Nash NDT Ltd,,PENDING_CLASSIFICATION,KEYIS supply chain · CH classification pending,Fabrication,NW,,,,,,KEYIS Subcontractor H&S Register (NW),
1 — WARM (contact first),warm — existing KEYIS supply chain,Frederick G Markland Associates LTD,,PENDING_CLASSIFICATION,KEYIS supply chain · CH classification pending,Design / Consultants,NW,,,,,,KEYIS Subcontractor H&S Register (NW),
1 — WARM (contact first),warm — existing KEYIS supply chain,G&G Design Services,,PENDING_CLASSIFICATION,KEYIS supply chain · CH classification pending,Design / Consultants,NW,,,,,,KEYIS Subcontractor H&S Register (NW),
1 — WARM (contact first),warm — existing KEYIS supply chain,GME Industry Ltd,,PENDING_CLASSIFICATION,KEYIS supply chain · CH classification pending,Electrical Subcontractors,Main,,,,,,KEYIS Subcontractor H&S Register (Main),
1 — WARM (contact first),warm — existing KEYIS supply chain,GR Electrical,,PENDING_CLASSIFICATION,KEYIS supply chain · CH classification pending,Electrical Subcontractors,NW,,,,,,KEYIS Subcontractor H&S Register (NW),Main register
1 — WARM (contact first),warm — existing KEYIS supply chain,GRP Build Kiosks,,PENDING_CLASSIFICATION,KEYIS supply chain · CH classification pending,Building/Civils,NW,,,,,,KEYIS Subcontractor H&S Register (NW),
1 — WARM (contact first),warm — existing KEYIS supply chain,Gaswise,,PENDING_CLASSIFICATION,KEYIS supply chain · CH classification pending,Heating and Plumbing,Main,,,,,,KEYIS Subcontractor H&S Register (Main),
1 — WARM (contact first),warm — existing KEYIS supply chain,Gemini Security,,PENDING_CLASSIFICATION,KEYIS supply chain · CH classification pending,Security Only,NW,,,,,,KEYIS Subcontractor H&S Register (NW),
1 — WARM (contact first),warm — existing KEYIS supply chain,Generation Electrical,,PENDING_CLASSIFICATION,KEYIS supply chain · CH classification pending,Fire & Security,NW,,,,,,KEYIS Subcontractor H&S Register (NW),
1 — WARM (contact first),warm — existing KEYIS supply chain,Genfit,,PENDING_CLASSIFICATION,KEYIS supply chain · CH classification pending,Electrical Subcontractors,NW,,,,,,KEYIS Subcontractor H&S Register (NW),
1 — WARM (contact first),warm — existing KEYIS supply chain,Geotek Heating Limited,,PENDING_CLASSIFICATION,KEYIS supply chain · CH classification pending,Floor Specialists,NW,,,,,,KEYIS Subcontractor H&S Register (NW),
1 — WARM (contact first),warm — existing KEYIS supply chain,Gott Technical Services Ltd,,PENDING_CLASSIFICATION,KEYIS supply chain · CH classification pending,Fit Out,NW,,,,,,KEYIS Subcontractor H&S Register (NW),
1 — WARM (contact first),warm — existing KEYIS supply chain,Grainger Fire and Security,,PENDING_CLASSIFICATION,KEYIS supply chain · CH classification pending,Fire & Security,Main,,,,,,KEYIS Subcontractor H&S Register (Main),
1 — WARM (contact first),warm — existing KEYIS supply chain,Grip Pave Ltd,,PENDING_CLASSIFICATION,KEYIS supply chain · CH classification pending,Building/Civils,NW,,,,,,KEYIS Subcontractor H&S Register (NW),
1 — WARM (contact first),warm — existing KEYIS supply chain,Groundtech Consulting Limited,,PENDING_CLASSIFICATION,KEYIS supply chain · CH classification pending,Design / Consultants,NW,,,,,,KEYIS Subcontractor H&S Register (NW),
1 — WARM (contact first),warm — existing KEYIS supply chain,Guardian Security (South West) Ltd,,PENDING_CLASSIFICATION,KEYIS supply chain · CH classification pending,Access Controls,Main,,,,,,KEYIS Subcontractor H&S Register (Main),
1 — WARM (contact first),warm — existing KEYIS supply chain,Guardian Technical Maintainence Ltd,,PENDING_CLASSIFICATION,KEYIS supply chain · CH classification pending,Fire & Security,NW,,,,,,KEYIS Subcontractor H&S Register (NW),
1 — WARM (contact first),warm — existing KEYIS supply chain,Guardtech Cleanrooms Limited,,PENDING_CLASSIFICATION,KEYIS supply chain · CH classification pending,Building/Civils,NW,,,,,,KEYIS Subcontractor H&S Register (NW),
1 — WARM (contact first),warm — existing KEYIS supply chain,H & O Electrical Services,,PENDING_CLASSIFICATION,KEYIS supply chain · CH classification pending,Electrical Subcontractors,NW,,,,,,KEYIS Subcontractor H&S Register (NW),
1 — WARM (contact first),warm — existing KEYIS supply chain,H-LEC Limited,,PENDING_CLASSIFICATION,KEYIS supply chain · CH classification pending,Electrical Subcontractors,NW,,,,,,KEYIS Subcontractor H&S Register (NW),
1 — WARM (contact first),warm — existing KEYIS supply chain,HB Digital Wales Ltd,,PENDING_CLASSIFICATION,KEYIS supply chain · CH classification pending,Electrical Subcontractors,Main,,,,,,KEYIS Subcontractor H&S Register (Main),
1 — WARM (contact first),warm — existing KEYIS supply chain,HC Controls Ltd,,PENDING_CLASSIFICATION,KEYIS supply chain · CH classification pending,Control Panels/ BMS,NW,,,,,,KEYIS Subcontractor H&S Register (NW),
1 — WARM (contact first),warm — existing KEYIS supply chain,HESIS Ltd,,PENDING_CLASSIFICATION,KEYIS supply chain · CH classification pending,Fire & Security,NW,,,,,,KEYIS Subcontractor H&S Register (NW),
1 — WARM (contact first),warm — existing KEYIS supply chain,Hall & Kay Fire Engineering,,PENDING_CLASSIFICATION,KEYIS supply chain · CH classification pending,Fire & Security,NW,,,,,,KEYIS Subcontractor H&S Register (NW),Main register
1 — WARM (contact first),warm — existing KEYIS supply chain,Harrison Lightning Protection & Earthing Ltd,,PENDING_CLASSIFICATION,KEYIS supply chain · CH classification pending,Lightning Protection,NW,,,,,,KEYIS Subcontractor H&S Register (NW),
1 — WARM (contact first),warm — existing KEYIS supply chain,Hawkesworth Appliance Testing Ltd,,PENDING_CLASSIFICATION,KEYIS supply chain · CH classification pending,Electrical Subcontractors,NW,,,,,,KEYIS Subcontractor H&S Register (NW),
1 — WARM (contact first),warm — existing KEYIS supply chain,Haywood and Jackson Fabrications Ltd,,PENDING_CLASSIFICATION,KEYIS supply chain · CH classification pending,Piped Services,NW,,,,,,KEYIS Subcontractor H&S Register (NW),
1 — WARM (contact first),warm — existing KEYIS supply chain,Heritage Hygenic Environments Ltd,,PENDING_CLASSIFICATION,KEYIS supply chain · CH classification pending,Materials,Main,,,,,,KEYIS Subcontractor H&S Register (Main),
1 — WARM (contact first),warm — existing KEYIS supply chain,Heywood Electrical & Son Ltd,,PENDING_CLASSIFICATION,KEYIS supply chain · CH classification pending,Electrical Subcontractors,NW,,,,,,KEYIS Subcontractor H&S Register (NW),
1 — WARM (contact first),warm — existing KEYIS supply chain,High Voltage Asset Installation,,PENDING_CLASSIFICATION,KEYIS supply chain · CH classification pending,Electrical Subcontractors,Main,,,,,,KEYIS Subcontractor H&S Register (Main),
1 — WARM (contact first),warm — existing KEYIS supply chain,Himley Electrical,,PENDING_CLASSIFICATION,KEYIS supply chain · CH classification pending,Electrical Subcontractors,NW,,,,,,KEYIS Subcontractor H&S Register (NW),
1 — WARM (contact first),warm — existing KEYIS supply chain,Hird Ltd,,PENDING_CLASSIFICATION,KEYIS supply chain · CH classification pending,Crane Hire / Machinery Removal,Main,,,,,,KEYIS Subcontractor H&S Register (Main),
1 — WARM (contact first),warm — existing KEYIS supply chain,Honeywell T/A Novar Systems,,PENDING_CLASSIFICATION,KEYIS supply chain · CH classification pending,Fire & Security,Main,,,,,,KEYIS Subcontractor H&S Register (Main),
1 — WARM (contact first),warm — existing KEYIS supply chain,Humphry M& E Consultants,,PENDING_CLASSIFICATION,KEYIS supply chain · CH classification pending,Design / Consultants,NW,,,,,,KEYIS Subcontractor H&S Register (NW),
1 — WARM (contact first),warm — existing KEYIS supply chain,Hybrid Control Solutions Ltd,,PENDING_CLASSIFICATION,KEYIS supply chain · CH classification pending,Control Panels/ BMS,NW,,,,,,KEYIS Subcontractor H&S Register (NW),
1 — WARM (contact first),warm — existing KEYIS supply chain,Hydrocert Ltd,,PENDING_CLASSIFICATION,KEYIS supply chain · CH classification pending,Commissioning & Water Treatment,NW,,,,,,KEYIS Subcontractor H&S Register (NW),
1 — WARM (contact first),warm — existing KEYIS supply chain,Hygienic Cleaning Company (UK) Ltd,,PENDING_CLASSIFICATION,KEYIS supply chain · CH classification pending,Hygiene Services,NW,,,,,,KEYIS Subcontractor H&S Register (NW),
1 — WARM (contact first),warm — existing KEYIS supply chain,ICON Electrical (UK) Ltd,,PENDING_CLASSIFICATION,KEYIS supply chain · CH classification pending,Electrical Subcontractors,NW,,,,,,KEYIS Subcontractor H&S Register (NW),Main register
1 — WARM (contact first),warm — existing KEYIS supply chain,IDS Security Systems Ltd,,PENDING_CLASSIFICATION,KEYIS supply chain · CH classification pending,Fire & Security,Main,,,,,,KEYIS Subcontractor H&S Register (Main),
1 — WARM (contact first),warm — existing KEYIS supply chain,IES Instrumentation Electrical Services Limited,,PENDING_CLASSIFICATION,KEYIS supply chain · CH classification pending,Electrical Subcontractors,NW,,,,,,KEYIS Subcontractor H&S Register (NW),
1 — WARM (contact first),warm — existing KEYIS supply chain,IMS Fire Protection Ltd,,PENDING_CLASSIFICATION,KEYIS supply chain · CH classification pending,Fire & Security,Main,,,,,,KEYIS Subcontractor H&S Register (Main),
1 — WARM (contact first),warm — existing KEYIS supply chain,Impact Controls,,PENDING_CLASSIFICATION,KEYIS supply chain · CH classification pending,Control Panels/ BMS,NW,,,,,,KEYIS Subcontractor H&S Register (NW),
1 — WARM (contact first),warm — existing KEYIS supply chain,Infrastructure Site Services Limited,,PENDING_CLASSIFICATION,KEYIS supply chain · CH classification pending,Scaffolding,NW,,,,,,KEYIS Subcontractor H&S Register (NW),
1 — WARM (contact first),warm — existing KEYIS supply chain,Inglecray Insulation Co Ltd,,PENDING_CLASSIFICATION,KEYIS supply chain · CH classification pending,Fabrication,NW,,,,,,KEYIS Subcontractor H&S Register (NW),
1 — WARM (contact first),warm — existing KEYIS supply chain,Insul Eight Contracts Limited,,PENDING_CLASSIFICATION,KEYIS supply chain · CH classification pending,Insulation,NW,,,,,,KEYIS Subcontractor H&S Register (NW),
1 — WARM (contact first),warm — existing KEYIS supply chain,Integrated Network Systems Ltd,,PENDING_CLASSIFICATION,KEYIS supply chain · CH classification pending,Fire & Security,NW,,,,,,KEYIS Subcontractor H&S Register (NW),
1 — WARM (contact first),warm — existing KEYIS supply chain,J W Hinchliffe (Tanks) Ltd,,PENDING_CLASSIFICATION,KEYIS supply chain · CH classification pending,Building/Civils,NW,,,,,,KEYIS Subcontractor H&S Register (NW),
1 — WARM (contact first),warm — existing KEYIS supply chain,J3 Building Solutions NE Limited,,PENDING_CLASSIFICATION,KEYIS supply chain · CH classification pending,Building/Civils,NW,,,,,,KEYIS Subcontractor H&S Register (NW),
1 — WARM (contact first),warm — existing KEYIS supply chain,JD Power Systems T/A Quinteq Ltd,,PENDING_CLASSIFICATION,KEYIS supply chain · CH classification pending,Electrical Subcontractors,Main,,,,,,KEYIS Subcontractor H&S Register (Main),
1 — WARM (contact first),warm — existing KEYIS supply chain,JDEL Property Ltd,,PENDING_CLASSIFICATION,KEYIS supply chain · CH classification pending,Electrical Subcontractors,Main,,,,,,KEYIS Subcontractor H&S Register (Main),
1 — WARM (contact first),warm — existing KEYIS supply chain,JHM Butt & Co Ltd t/a Butts of Bawtry,,PENDING_CLASSIFICATION,KEYIS supply chain · CH classification pending,Building/Civils,NW,,,,,,KEYIS Subcontractor H&S Register (NW),
1 — WARM (contact first),warm — existing KEYIS supply chain,JLA Limited,,PENDING_CLASSIFICATION,KEYIS supply chain · CH classification pending,Building/Civils,NW,,,,,,KEYIS Subcontractor H&S Register (NW),
1 — WARM (contact first),warm — existing KEYIS supply chain,JR Electrical,,PENDING_CLASSIFICATION,KEYIS supply chain · CH classification pending,Electrical Subcontractors,NW,,,,,,KEYIS Subcontractor H&S Register (NW),
1 — WARM (contact first),warm — existing KEYIS supply chain,JYM Partnership LLP,,PENDING_CLASSIFICATION,KEYIS supply chain · CH classification pending,Building/Civils,NW,,,,,,KEYIS Subcontractor H&S Register (NW),
1 — WARM (contact first),warm — existing KEYIS supply chain,Jack Waghorn,,PENDING_CLASSIFICATION,KEYIS supply chain · CH classification pending,Crane Hire & Lifting,NW,,,,,,KEYIS Subcontractor H&S Register (NW),
1 — WARM (contact first),warm — existing KEYIS supply chain,Jax Mech Ltd,,PENDING_CLASSIFICATION,KEYIS supply chain · CH classification pending,Piped Services,NW,,,,,,KEYIS Subcontractor H&S Register (NW),
1 — WARM (contact first),warm — existing KEYIS supply chain,John Wade Groundworks Ltd- T/A Wade Group,,PENDING_CLASSIFICATION,KEYIS supply chain · CH classification pending,Building/Civils,NW,,,,,,KEYIS Subcontractor H&S Register (NW),
1 — WARM (contact first),warm — existing KEYIS supply chain,Jones & Woolman UK Ltd,,PENDING_CLASSIFICATION,KEYIS supply chain · CH classification pending,Fabrication,Main,,,,,,KEYIS Subcontractor H&S Register (Main),
1 — WARM (contact first),warm — existing KEYIS supply chain,K2 Heating And Cooling Solutions Ltd,,PENDING_CLASSIFICATION,KEYIS supply chain · CH classification pending,Ductwork & Ancillaries,NW,,,,,,KEYIS Subcontractor H&S Register (NW),
1 — WARM (contact first),warm — existing KEYIS supply chain,Kinetic Systems Support Ltd,,PENDING_CLASSIFICATION,KEYIS supply chain · CH classification pending,Control Panels/ BMS,NW,,,,,,KEYIS Subcontractor H&S Register (NW),
1 — WARM (contact first),warm — existing KEYIS supply chain,Knight Controls Ltd,,PENDING_CLASSIFICATION,KEYIS supply chain · CH classification pending,Design / Consultants,NW,,,,,,KEYIS Subcontractor H&S Register (NW),
1 — WARM (contact first),warm — existing KEYIS supply chain,Koolsolutions Air Conditioning & Ventilation Ltd,,PENDING_CLASSIFICATION,KEYIS supply chain · CH classification pending,Ductwork & Ancillaries,NW,,,,,,KEYIS Subcontractor H&S Register (NW),
1 — WARM (contact first),warm — existing KEYIS supply chain,LGW Solutions Ltd,,PENDING_CLASSIFICATION,KEYIS supply chain · CH classification pending,Electrical Subcontractors,NW,,,,,,KEYIS Subcontractor H&S Register (NW),
1 — WARM (contact first),warm — existing KEYIS supply chain,LPC Switchgear Ltd,,PENDING_CLASSIFICATION,KEYIS supply chain · CH classification pending,Electrical Subcontractors,NW,,,,,,KEYIS Subcontractor H&S Register (NW),
1 — WARM (contact first),warm — existing KEYIS supply chain,Lantern Fire Protection,,PENDING_CLASSIFICATION,KEYIS supply chain · CH classification pending,Door Services,NW,,,,,,KEYIS Subcontractor H&S Register (NW),
1 — WARM (contact first),warm — existing KEYIS supply chain,Learnd Uk Limited,,PENDING_CLASSIFICATION,KEYIS supply chain · CH classification pending,Maintenance,NW,,,,,,KEYIS Subcontractor H&S Register (NW),
1 — WARM (contact first),warm — existing KEYIS supply chain,Letman Group Ltd,,PENDING_CLASSIFICATION,KEYIS supply chain · CH classification pending,Electrical Subcontractors,NW,,,,,,KEYIS Subcontractor H&S Register (NW),
1 — WARM (contact first),warm — existing KEYIS supply chain,Lighting Protecion,,PENDING_CLASSIFICATION,KEYIS supply chain · CH classification pending,Electrical Subcontractors,Main,,,,,,KEYIS Subcontractor H&S Register (Main),
1 — WARM (contact first),warm — existing KEYIS supply chain,Lightning Defence Services Ltd,,PENDING_CLASSIFICATION,KEYIS supply chain · CH classification pending,Electrical Subcontractors,Main,,,,,,KEYIS Subcontractor H&S Register (Main),
1 — WARM (contact first),warm — existing KEYIS supply chain,Loxton Installations Ltd,,PENDING_CLASSIFICATION,KEYIS supply chain · CH classification pending,Electrical Subcontractors,Main,,,,,,KEYIS Subcontractor H&S Register (Main),
1 — WARM (contact first),warm — existing KEYIS supply chain,Lucion Services Limited,,PENDING_CLASSIFICATION,KEYIS supply chain · CH classification pending,Asbestos,NW,,,,,,KEYIS Subcontractor H&S Register (NW),
1 — WARM (contact first),warm — existing KEYIS supply chain,Lyndon SGB,,PENDING_CLASSIFICATION,KEYIS supply chain · CH classification pending,Crane Hire & Lifting,NW,,,,,,KEYIS Subcontractor H&S Register (NW),
1 — WARM (contact first),warm — existing KEYIS supply chain,M&C Construction NE Ltd,,PENDING_CLASSIFICATION,KEYIS supply chain · CH classification pending,Building/Civils,NW,,,,,,KEYIS Subcontractor H&S Register (NW),
1 — WARM (contact first),warm — existing KEYIS supply chain,MAC Ventilation Services Ltd,,PENDING_CLASSIFICATION,KEYIS supply chain · CH classification pending,Ductwork/ Ventilation,NW,,,,,,KEYIS Subcontractor H&S Register (NW),
1 — WARM (contact first),warm — existing KEYIS supply chain,MGA Crane Hire Limited,,PENDING_CLASSIFICATION,KEYIS supply chain · CH classification pending,Crane Hire & Lifting,NW,,,,,,KEYIS Subcontractor H&S Register (NW),
1 — WARM (contact first),warm — existing KEYIS supply chain,MLR Networks Ltd,,PENDING_CLASSIFICATION,KEYIS supply chain · CH classification pending,Electrical Subcontractors,Main,,,,,,KEYIS Subcontractor H&S Register (Main),
1 — WARM (contact first),warm — existing KEYIS supply chain,MOTTS Electrical Services Ltd,,PENDING_CLASSIFICATION,KEYIS supply chain · CH classification pending,Electrical Subcontractors,NW,,,,,,KEYIS Subcontractor H&S Register (NW),
1 — WARM (contact first),warm — existing KEYIS supply chain,MRM Cables,,PENDING_CLASSIFICATION,KEYIS supply chain · CH classification pending,Electrical Subcontractors,NW,,,,,,KEYIS Subcontractor H&S Register (NW),
1 — WARM (contact first),warm — existing KEYIS supply chain,MSL Cabling Limited,,PENDING_CLASSIFICATION,KEYIS supply chain · CH classification pending,Data,NW,,,,,,KEYIS Subcontractor H&S Register (NW),
1 — WARM (contact first),warm — existing KEYIS supply chain,Maintech Power Services Limited,,PENDING_CLASSIFICATION,KEYIS supply chain · CH classification pending,Fire & Security,Main,,,,,,KEYIS Subcontractor H&S Register (Main),
1 — WARM (contact first),warm — existing KEYIS supply chain,Marlowe Fire & Security,,PENDING_CLASSIFICATION,KEYIS supply chain · CH classification pending,Fire & Security,Main,,,,,,KEYIS Subcontractor H&S Register (Main),
1 — WARM (contact first),warm — existing KEYIS supply chain,Matrix Fire and Secuirty,,PENDING_CLASSIFICATION,KEYIS supply chain · CH classification pending,Electrical Subcontractors,Main,,,,,,KEYIS Subcontractor H&S Register (Main),
1 — WARM (contact first),warm — existing KEYIS supply chain,Maval Electrical & Mechanical Engineering Co Ltd,,PENDING_CLASSIFICATION,KEYIS supply chain · CH classification pending,Electrical Subcontractors,NW,,,,,,KEYIS Subcontractor H&S Register (NW),
1 — WARM (contact first),warm — existing KEYIS supply chain,McIntyre Compliance Services,,PENDING_CLASSIFICATION,KEYIS supply chain · CH classification pending,Fire & Security,NW,,,,,,KEYIS Subcontractor H&S Register (NW),
1 — WARM (contact first),warm — existing KEYIS supply chain,Mick Ward (Heating & Plumbing) Ltd,,PENDING_CLASSIFICATION,KEYIS supply chain · CH classification pending,Heating and Plumbing,Main,,,,,,KEYIS Subcontractor H&S Register (Main),
1 — WARM (contact first),warm — existing KEYIS supply chain,Midan Fire Engineering Ltd,,PENDING_CLASSIFICATION,KEYIS supply chain · CH classification pending,Fire & Security,NW,,,,,,KEYIS Subcontractor H&S Register (NW),
1 — WARM (contact first),warm — existing KEYIS supply chain,Multimedia Integrated Solutions Limited (MIS Ltd),,PENDING_CLASSIFICATION,KEYIS supply chain · CH classification pending,Electrical Subcontractors,NW,,,,,,KEYIS Subcontractor H&S Register (NW),
1 — WARM (contact first),warm — existing KEYIS supply chain,NCCT,,PENDING_CLASSIFICATION,KEYIS supply chain · CH classification pending,Electrical Subcontractors,Main,,,,,,KEYIS Subcontractor H&S Register (Main),
1 — WARM (contact first),warm — existing KEYIS supply chain,NSS Maintenance,,PENDING_CLASSIFICATION,KEYIS supply chain · CH classification pending,Maintenance,NW,,,,,,KEYIS Subcontractor H&S Register (NW),
1 — WARM (contact first),warm — existing KEYIS supply chain,Networx3 Group Limited,,PENDING_CLASSIFICATION,KEYIS supply chain · CH classification pending,Data,NW,,,,,,KEYIS Subcontractor H&S Register (NW),
1 — WARM (contact first),warm — existing KEYIS supply chain,New Era Commissioning Specialists Ltd,,PENDING_CLASSIFICATION,KEYIS supply chain · CH classification pending,Commissioning,NW,,,,,,KEYIS Subcontractor H&S Register (NW),
1 — WARM (contact first),warm — existing KEYIS supply chain,North Cheshire Holdings,,PENDING_CLASSIFICATION,KEYIS supply chain · CH classification pending,Building/Civils,NW,,,,,,KEYIS Subcontractor H&S Register (NW),
1 — WARM (contact first),warm — existing KEYIS supply chain,North West Renewables Ltd- upd,,PENDING_CLASSIFICATION,KEYIS supply chain · CH classification pending,Piped Services,NW,,,,,,KEYIS Subcontractor H&S Register (NW),
1 — WARM (contact first),warm — existing KEYIS supply chain,Northern Cable Installations Ltd,,PENDING_CLASSIFICATION,KEYIS supply chain · CH classification pending,Electrical Subcontractors,NW,,,,,,KEYIS Subcontractor H&S Register (NW),
1 — WARM (contact first),warm — existing KEYIS supply chain,Northern Switchgear Ltd,,PENDING_CLASSIFICATION,KEYIS supply chain · CH classification pending,Electrical Subcontractors,NW,,,,,,KEYIS Subcontractor H&S Register (NW),
1 — WARM (contact first),warm — existing KEYIS supply chain,Octave Design Services Ltd,,PENDING_CLASSIFICATION,KEYIS supply chain · CH classification pending,Design / Consultants,NW,,,,,,KEYIS Subcontractor H&S Register (NW),
1 — WARM (contact first),warm — existing KEYIS supply chain,Octopus Cabling Ltd,,PENDING_CLASSIFICATION,KEYIS supply chain · CH classification pending,Fire & Security,Main,,,,,,KEYIS Subcontractor H&S Register (Main),
1 — WARM (contact first),warm — existing KEYIS supply chain,Omega Red Group,,PENDING_CLASSIFICATION,KEYIS supply chain · CH classification pending,Electrical Subcontractors,NW,,,,,,KEYIS Subcontractor H&S Register (NW),Main register
1 — WARM (contact first),warm — existing KEYIS supply chain,Onsite Coatings,,PENDING_CLASSIFICATION,KEYIS supply chain · CH classification pending,Decorating,NW,,,,,,KEYIS Subcontractor H&S Register (NW),
1 — WARM (contact first),warm — existing KEYIS supply chain,Open Protocol technology Ltd,,PENDING_CLASSIFICATION,KEYIS supply chain · CH classification pending,Fire & Security,NW,,,,,,KEYIS Subcontractor H&S Register (NW),
1 — WARM (contact first),warm — existing KEYIS supply chain,Orange Soultions Limited,,PENDING_CLASSIFICATION,KEYIS supply chain · CH classification pending,Heating and Plumbing,Main,,,,,,KEYIS Subcontractor H&S Register (Main),
1 — WARM (contact first),warm — existing KEYIS supply chain,PFC Engineering,,PENDING_CLASSIFICATION,KEYIS supply chain · CH classification pending,PFC Maintenance,Main,,,,,,KEYIS Subcontractor H&S Register (Main),
1 — WARM (contact first),warm — existing KEYIS supply chain,PJA Technical Consult,,PENDING_CLASSIFICATION,KEYIS supply chain · CH classification pending,Design / Consultants,NW,,,,,,KEYIS Subcontractor H&S Register (NW),
1 — WARM (contact first),warm — existing KEYIS supply chain,PSS Electrical Engineering Ltd,,PENDING_CLASSIFICATION,KEYIS supply chain · CH classification pending,Electrical Subcontractors,Main,,,,,,KEYIS Subcontractor H&S Register (Main),
1 — WARM (contact first),warm — existing KEYIS supply chain,PTSG Electrical Services Ltd,,PENDING_CLASSIFICATION,KEYIS supply chain · CH classification pending,Lightning Protection,NW,,,,,,KEYIS Subcontractor H&S Register (NW),Main register
1 — WARM (contact first),warm — existing KEYIS supply chain,Pacific Fire & Security,,PENDING_CLASSIFICATION,KEYIS supply chain · CH classification pending,Fire & Security,NW,,,,,,KEYIS Subcontractor H&S Register (NW),
1 — WARM (contact first),warm — existing KEYIS supply chain,Peaceward Building Services,,PENDING_CLASSIFICATION,KEYIS supply chain · CH classification pending,Building/Civils,NW,,,,,,KEYIS Subcontractor H&S Register (NW),
1 — WARM (contact first),warm — existing KEYIS supply chain,Penine Electrical,,PENDING_CLASSIFICATION,KEYIS supply chain · CH classification pending,Electrical Subcontractors,NW,,,,,,KEYIS Subcontractor H&S Register (NW),
1 — WARM (contact first),warm — existing KEYIS supply chain,Permicoat Limited,,PENDING_CLASSIFICATION,KEYIS supply chain · CH classification pending,Maintenance,NW,,,,,,KEYIS Subcontractor H&S Register (NW),
1 — WARM (contact first),warm — existing KEYIS supply chain,Phoenix Network Communications Limited,,PENDING_CLASSIFICATION,KEYIS supply chain · CH classification pending,Electrical Subcontractors,Main,,,,,,KEYIS Subcontractor H&S Register (Main),
1 — WARM (contact first),warm — existing KEYIS supply chain,Pickerings Europe Ltd,,PENDING_CLASSIFICATION,KEYIS supply chain · CH classification pending,Crane Hire & Lifting,NW,,,,,,KEYIS Subcontractor H&S Register (NW),
1 — WARM (contact first),warm — existing KEYIS supply chain,Pioneer Enginerring Ltd,,PENDING_CLASSIFICATION,KEYIS supply chain · CH classification pending,Electrical Subcontractors,NW,,,,,,KEYIS Subcontractor H&S Register (NW),
1 — WARM (contact first),warm — existing KEYIS supply chain,Pipe Right Mehcanical Services,,PENDING_CLASSIFICATION,KEYIS supply chain · CH classification pending,Piped Services,NW,,,,,,KEYIS Subcontractor H&S Register (NW),
1 — WARM (contact first),warm — existing KEYIS supply chain,Plant Group Limited,,PENDING_CLASSIFICATION,KEYIS supply chain · CH classification pending,Electrical Subcontractors,NW,,,,,,KEYIS Subcontractor H&S Register (NW),
1 — WARM (contact first),warm — existing KEYIS supply chain,Polar Isolations Limited,,PENDING_CLASSIFICATION,KEYIS supply chain · CH classification pending,Piped Services,NW,,,,,,KEYIS Subcontractor H&S Register (NW),
1 — WARM (contact first),warm — existing KEYIS supply chain,Power Contractors Limited,,PENDING_CLASSIFICATION,KEYIS supply chain · CH classification pending,Electrical Subcontractors,NW,,,,,,KEYIS Subcontractor H&S Register (NW),
1 — WARM (contact first),warm — existing KEYIS supply chain,Power Systems UK Ltd,,PENDING_CLASSIFICATION,KEYIS supply chain · CH classification pending,Electrical Subcontractors,Main,,,,,,KEYIS Subcontractor H&S Register (Main),
1 — WARM (contact first),warm — existing KEYIS supply chain,Premier Plant and Civil Engineering UK Limited,,PENDING_CLASSIFICATION,KEYIS supply chain · CH classification pending,Building/Civils,NW,,,,,,KEYIS Subcontractor H&S Register (NW),
1 — WARM (contact first),warm — existing KEYIS supply chain,Primary Water Group,,PENDING_CLASSIFICATION,KEYIS supply chain · CH classification pending,Commissioning & Water Treatment,NW,,,,,,KEYIS Subcontractor H&S Register (NW),
1 — WARM (contact first),warm — existing KEYIS supply chain,Primary Water Installations,,PENDING_CLASSIFICATION,KEYIS supply chain · CH classification pending,Piped Services,NW,,,,,,KEYIS Subcontractor H&S Register (NW),
1 — WARM (contact first),warm — existing KEYIS supply chain,Procraft Flooring,,PENDING_CLASSIFICATION,KEYIS supply chain · CH classification pending,Floor Specialists,NW,,,,,,KEYIS Subcontractor H&S Register (NW),
1 — WARM (contact first),warm — existing KEYIS supply chain,Professional Communications Solutions LTD,,PENDING_CLASSIFICATION,KEYIS supply chain · CH classification pending,Electrical Subcontractors,Main,,,,,,KEYIS Subcontractor H&S Register (Main),
1 — WARM (contact first),warm — existing KEYIS supply chain,Progress Fire and Security Ltd,,PENDING_CLASSIFICATION,KEYIS supply chain · CH classification pending,Fire & Security,NW,,,,,,KEYIS Subcontractor H&S Register (NW),
1 — WARM (contact first),warm — existing KEYIS supply chain,Protec Fire Detection PLC,,PENDING_CLASSIFICATION,KEYIS supply chain · CH classification pending,Fire & Security,NW,,,,,,KEYIS Subcontractor H&S Register (NW),Main register
1 — WARM (contact first),warm — existing KEYIS supply chain,Quartzelec Limited,,PENDING_CLASSIFICATION,KEYIS supply chain · CH classification pending,Electrical Subcontractors,Main,,,,,,KEYIS Subcontractor H&S Register (Main),
1 — WARM (contact first),warm — existing KEYIS supply chain,R&M Construction Services T/A R&M Lighting,,PENDING_CLASSIFICATION,KEYIS supply chain · CH classification pending,Electrical Subcontractors,Main,,,,,,KEYIS Subcontractor H&S Register (Main),
1 — WARM (contact first),warm — existing KEYIS supply chain,RCS,,PENDING_CLASSIFICATION,KEYIS supply chain · CH classification pending,Ductwork & Ancillaries,NW,,,,,,KEYIS Subcontractor H&S Register (NW),
1 — WARM (contact first),warm — existing KEYIS supply chain,RJ Urmson - National Hygiene Services Limited,,PENDING_CLASSIFICATION,KEYIS supply chain · CH classification pending,Commissioning,NW,,,,,,KEYIS Subcontractor H&S Register (NW),
1 — WARM (contact first),warm — existing KEYIS supply chain,RMW Electrical Services Limited,,PENDING_CLASSIFICATION,KEYIS supply chain · CH classification pending,Electrical Subcontractors,Main,,,,,,KEYIS Subcontractor H&S Register (Main),
1 — WARM (contact first),warm — existing KEYIS supply chain,Refrigeration & AC,,PENDING_CLASSIFICATION,KEYIS supply chain · CH classification pending,Ductwork & Ancillaries,NW,,,,,,KEYIS Subcontractor H&S Register (NW),
1 — WARM (contact first),warm — existing KEYIS supply chain,Relocatable Building Systems Ltd,,PENDING_CLASSIFICATION,KEYIS supply chain · CH classification pending,Building/Civils,NW,,,,,,KEYIS Subcontractor H&S Register (NW),
1 — WARM (contact first),warm — existing KEYIS supply chain,Rentokil Initial UK T/A Rentokil Specialist Hygiene Services,,PENDING_CLASSIFICATION,KEYIS supply chain · CH classification pending,Hygiene Services,NW,,,,,,KEYIS Subcontractor H&S Register (NW),
1 — WARM (contact first),warm — existing KEYIS supply chain,Rhodar Industrial Services Limited,,PENDING_CLASSIFICATION,KEYIS supply chain · CH classification pending,Asbestos,NW,,,,,,KEYIS Subcontractor H&S Register (NW),
1 — WARM (contact first),warm — existing KEYIS supply chain,Roomfoss,,PENDING_CLASSIFICATION,KEYIS supply chain · CH classification pending,Electrical Subcontractors,Main,,,,,,KEYIS Subcontractor H&S Register (Main),
1 — WARM (contact first),warm — existing KEYIS supply chain,S J Kavanagh Limited,,PENDING_CLASSIFICATION,KEYIS supply chain · CH classification pending,Electrical Subcontractors,Main,,,,,,KEYIS Subcontractor H&S Register (Main),
1 — WARM (contact first),warm — existing KEYIS supply chain,S&H Group,,PENDING_CLASSIFICATION,KEYIS supply chain · CH classification pending,Building/Civils,NW,,,,,,KEYIS Subcontractor H&S Register (NW),
1 — WARM (contact first),warm — existing KEYIS supply chain,SG Associates Ltd,,PENDING_CLASSIFICATION,KEYIS supply chain · CH classification pending,Fire & Security,NW,,,,,,KEYIS Subcontractor H&S Register (NW),
1 — WARM (contact first),warm — existing KEYIS supply chain,SJM Joinery Ltd,,PENDING_CLASSIFICATION,KEYIS supply chain · CH classification pending,Joinery,Main,,,,,,KEYIS Subcontractor H&S Register (Main),
1 — WARM (contact first),warm — existing KEYIS supply chain,SMJ Engineering Services Nw Ltd,,PENDING_CLASSIFICATION,KEYIS supply chain · CH classification pending,Electrical Subcontractors,NW,,,,,,KEYIS Subcontractor H&S Register (NW),
1 — WARM (contact first),warm — existing KEYIS supply chain,SR Building Services Consultants Ltd,,PENDING_CLASSIFICATION,KEYIS supply chain · CH classification pending,Design / Consultants,NW,,,,,,KEYIS Subcontractor H&S Register (NW),
1 — WARM (contact first),warm — existing KEYIS supply chain,SR Electrical Services Limited,,PENDING_CLASSIFICATION,KEYIS supply chain · CH classification pending,Electrical Subcontractors,NW,,,,,,KEYIS Subcontractor H&S Register (NW),
1 — WARM (contact first),warm — existing KEYIS supply chain,SS Systems Ltd,,PENDING_CLASSIFICATION,KEYIS supply chain · CH classification pending,Fire & Security,Main,,,,,,KEYIS Subcontractor H&S Register (Main),
1 — WARM (contact first),warm — existing KEYIS supply chain,SSE Energy Solutions,,PENDING_CLASSIFICATION,KEYIS supply chain · CH classification pending,Electrical Subcontractors,NW,,,,,,KEYIS Subcontractor H&S Register (NW),
1 — WARM (contact first),warm — existing KEYIS supply chain,SSL Electrical Ltd,,PENDING_CLASSIFICATION,KEYIS supply chain · CH classification pending,Electrical Subcontractors,NW,,,,,,KEYIS Subcontractor H&S Register (NW),
1 — WARM (contact first),warm — existing KEYIS supply chain,ST Heating Services Limited,,PENDING_CLASSIFICATION,KEYIS supply chain · CH classification pending,Piped Services,NW,,,,,,KEYIS Subcontractor H&S Register (NW),
1 — WARM (contact first),warm — existing KEYIS supply chain,SURVEY OPERATIONS LIMITED,,PENDING_CLASSIFICATION,KEYIS supply chain · CH classification pending,Design / Consultants,NW,,,,,,KEYIS Subcontractor H&S Register (NW),
1 — WARM (contact first),warm — existing KEYIS supply chain,SW Switchgear,,PENDING_CLASSIFICATION,KEYIS supply chain · CH classification pending,Electrical Subcontractors,Main,,,,,,KEYIS Subcontractor H&S Register (Main),
1 — WARM (contact first),warm — existing KEYIS supply chain,Santon Lighting Protection Services Limited,,PENDING_CLASSIFICATION,KEYIS supply chain · CH classification pending,Lightning Protection,NW,,,,,,KEYIS Subcontractor H&S Register (NW),
1 — WARM (contact first),warm — existing KEYIS supply chain,Sants Fabrications LTD,,PENDING_CLASSIFICATION,KEYIS supply chain · CH classification pending,Commissioning & Water Treatment,NW,,,,,,KEYIS Subcontractor H&S Register (NW),
1 — WARM (contact first),warm — existing KEYIS supply chain,Scutum Uk Limited,,PENDING_CLASSIFICATION,KEYIS supply chain · CH classification pending,Fire & Security,NW,,,,,,KEYIS Subcontractor H&S Register (NW),Main register
1 — WARM (contact first),warm — existing KEYIS supply chain,Seal Mechanical Ltd,,PENDING_CLASSIFICATION,KEYIS supply chain · CH classification pending,Piped Services,NW,,,,,,KEYIS Subcontractor H&S Register (NW),
1 — WARM (contact first),warm — existing KEYIS supply chain,Secure Line Solutions Ltd,,PENDING_CLASSIFICATION,KEYIS supply chain · CH classification pending,Fabrication,NW,,,,,,KEYIS Subcontractor H&S Register (NW),
1 — WARM (contact first),warm — existing KEYIS supply chain,Security & Electrical Installations Limited,,PENDING_CLASSIFICATION,KEYIS supply chain · CH classification pending,Electrical Subcontractors,NW,,,,,,KEYIS Subcontractor H&S Register (NW),
1 — WARM (contact first),warm — existing KEYIS supply chain,See Tech,,PENDING_CLASSIFICATION,KEYIS supply chain · CH classification pending,Electrical Subcontractors,Main,,,,,,KEYIS Subcontractor H&S Register (Main),
1 — WARM (contact first),warm — existing KEYIS supply chain,Select Technology Limited,,PENDING_CLASSIFICATION,KEYIS supply chain · CH classification pending,Fire & Security,Main,,,,,,KEYIS Subcontractor H&S Register (Main),
1 — WARM (contact first),warm — existing KEYIS supply chain,Shore Mechanical Services Ltd,,PENDING_CLASSIFICATION,KEYIS supply chain · CH classification pending,Piped Services,NW,,,,,,KEYIS Subcontractor H&S Register (NW),
1 — WARM (contact first),warm — existing KEYIS supply chain,Site Solutions Engineering Ltd,,PENDING_CLASSIFICATION,KEYIS supply chain · CH classification pending,Electrical Subcontractors,Main,,,,,,KEYIS Subcontractor H&S Register (Main),
1 — WARM (contact first),warm — existing KEYIS supply chain,Sitewatch Fire & Surveillance Ltd / Clearway Fire & Security,,PENDING_CLASSIFICATION,KEYIS supply chain · CH classification pending,Fire & Security,Main,,,,,,KEYIS Subcontractor H&S Register (Main),
1 — WARM (contact first),warm — existing KEYIS supply chain,Slaters Electricals Ltd,,PENDING_CLASSIFICATION,KEYIS supply chain · CH classification pending,Electrical Subcontractors,NW,,,,,,KEYIS Subcontractor H&S Register (NW),Main register
1 — WARM (contact first),warm — existing KEYIS supply chain,Smart Flow NE Ltd,,PENDING_CLASSIFICATION,KEYIS supply chain · CH classification pending,Piped Services,NW,,,,,,KEYIS Subcontractor H&S Register (NW),
1 — WARM (contact first),warm — existing KEYIS supply chain,Snowdonia Fire Protection Ltd,,PENDING_CLASSIFICATION,KEYIS supply chain · CH classification pending,Fire & Security,Main,,,,,,KEYIS Subcontractor H&S Register (Main),
1 — WARM (contact first),warm — existing KEYIS supply chain,Socotec UK Ltd,,PENDING_CLASSIFICATION,KEYIS supply chain · CH classification pending,Piped Services,NW,,,,,,KEYIS Subcontractor H&S Register (NW),
1 — WARM (contact first),warm — existing KEYIS supply chain,Solar Advanced Systems T/A SAS Energy,,PENDING_CLASSIFICATION,KEYIS supply chain · CH classification pending,Electrical Subcontractors,Main,,,,,,KEYIS Subcontractor H&S Register (Main),
1 — WARM (contact first),warm — existing KEYIS supply chain,Solarfold Aluminium System Limited,,PENDING_CLASSIFICATION,KEYIS supply chain · CH classification pending,Building/Civils,NW,,,,,,KEYIS Subcontractor H&S Register (NW),
1 — WARM (contact first),warm — existing KEYIS supply chain,Specialist Power Engineering Contracts Ltd,,PENDING_CLASSIFICATION,KEYIS supply chain · CH classification pending,Electrical Subcontractors,NW,,,,,,KEYIS Subcontractor H&S Register (NW),Main register
1 — WARM (contact first),warm — existing KEYIS supply chain,Specialist Ventilation Services,,PENDING_CLASSIFICATION,KEYIS supply chain · CH classification pending,Ductwork/ Ventilation,NW,,,,,,KEYIS Subcontractor H&S Register (NW),
1 — WARM (contact first),warm — existing KEYIS supply chain,Spectrum Fire UK Ltd,,PENDING_CLASSIFICATION,KEYIS supply chain · CH classification pending,Fire & Security,Main,,,,,,KEYIS Subcontractor H&S Register (Main),
1 — WARM (contact first),warm — existing KEYIS supply chain,"Spraybooth Service, Maintenance, Repairs",,PENDING_CLASSIFICATION,KEYIS supply chain · CH classification pending,Maintenance,NW,,,,,,KEYIS Subcontractor H&S Register (NW),
1 — WARM (contact first),warm — existing KEYIS supply chain,Steelway Fensecure Ltd,,PENDING_CLASSIFICATION,KEYIS supply chain · CH classification pending,Fabrication,NW,,,,,,KEYIS Subcontractor H&S Register (NW),
1 — WARM (contact first),warm — existing KEYIS supply chain,Stellar Network Solutions Ltd,,PENDING_CLASSIFICATION,KEYIS supply chain · CH classification pending,Telecommunications,NW,,,,,,KEYIS Subcontractor H&S Register (NW),
1 — WARM (contact first),warm — existing KEYIS supply chain,Storm Lightning Protection Limited,,PENDING_CLASSIFICATION,KEYIS supply chain · CH classification pending,Lightning Protection,NW,,,,,,KEYIS Subcontractor H&S Register (NW),
1 — WARM (contact first),warm — existing KEYIS supply chain,Stratos Controls,,PENDING_CLASSIFICATION,KEYIS supply chain · CH classification pending,Controls,Main,,,,,,KEYIS Subcontractor H&S Register (Main),
1 — WARM (contact first),warm — existing KEYIS supply chain,Sudlows Enterprise Services Limited,,PENDING_CLASSIFICATION,KEYIS supply chain · CH classification pending,Electrical Subcontractors,Main,,,,,,KEYIS Subcontractor H&S Register (Main),
1 — WARM (contact first),warm — existing KEYIS supply chain,Switchserve Limited,,PENDING_CLASSIFICATION,KEYIS supply chain · CH classification pending,Switchgear,Main,,,,,,KEYIS Subcontractor H&S Register (Main),
1 — WARM (contact first),warm — existing KEYIS supply chain,Syncro CST Ltd,,PENDING_CLASSIFICATION,KEYIS supply chain · CH classification pending,Fire & Security,NW,,,,,,KEYIS Subcontractor H&S Register (NW),
1 — WARM (contact first),warm — existing KEYIS supply chain,Syncro Fire and Security Ltd,,PENDING_CLASSIFICATION,KEYIS supply chain · CH classification pending,Fire & Security,NW,,,,,,KEYIS Subcontractor H&S Register (NW),
1 — WARM (contact first),warm — existing KEYIS supply chain,TJO Group,,PENDING_CLASSIFICATION,KEYIS supply chain · CH classification pending,Maintenance,NW,,,,,,KEYIS Subcontractor H&S Register (NW),
1 — WARM (contact first),warm — existing KEYIS supply chain,Tameside Fire Protection Services Limited,,PENDING_CLASSIFICATION,KEYIS supply chain · CH classification pending,Fire & Security,NW,,,,,,KEYIS Subcontractor H&S Register (NW),
1 — WARM (contact first),warm — existing KEYIS supply chain,TecServUK,,PENDING_CLASSIFICATION,KEYIS supply chain · CH classification pending,Fire & Security,Main,,,,,,KEYIS Subcontractor H&S Register (Main),
1 — WARM (contact first),warm — existing KEYIS supply chain,Teepee Material Handling,,PENDING_CLASSIFICATION,KEYIS supply chain · CH classification pending,Materials,Main,,,,,,KEYIS Subcontractor H&S Register (Main),
1 — WARM (contact first),warm — existing KEYIS supply chain,Tensor,,PENDING_CLASSIFICATION,KEYIS supply chain · CH classification pending,Fire & Security,Main,,,,,,KEYIS Subcontractor H&S Register (Main),
1 — WARM (contact first),warm — existing KEYIS supply chain,Terra Firma Surfacing Contractors Ltd,,PENDING_CLASSIFICATION,KEYIS supply chain · CH classification pending,Road Surfacing,NW,,,,,,KEYIS Subcontractor H&S Register (NW),
1 — WARM (contact first),warm — existing KEYIS supply chain,Thompson AVC,,PENDING_CLASSIFICATION,KEYIS supply chain · CH classification pending,Fire & Security,Main,,,,,,KEYIS Subcontractor H&S Register (Main),
1 — WARM (contact first),warm — existing KEYIS supply chain,Titanium Scaffolding,,PENDING_CLASSIFICATION,KEYIS supply chain · CH classification pending,Scaffolding,Main,,,,,,KEYIS Subcontractor H&S Register (Main),
1 — WARM (contact first),warm — existing KEYIS supply chain,Tonetec,,PENDING_CLASSIFICATION,KEYIS supply chain · CH classification pending,Security Only,NW,,,,,,KEYIS Subcontractor H&S Register (NW),
1 — WARM (contact first),warm — existing KEYIS supply chain,Total Security Protection,,PENDING_CLASSIFICATION,KEYIS supply chain · CH classification pending,Fire & Security,Main,,,,,,KEYIS Subcontractor H&S Register (Main),
1 — WARM (contact first),warm — existing KEYIS supply chain,TouchStar ATC Ltd,,PENDING_CLASSIFICATION,KEYIS supply chain · CH classification pending,Security Only,NW,,,,,,KEYIS Subcontractor H&S Register (NW),
1 — WARM (contact first),warm — existing KEYIS supply chain,Tritech Electrical Contractors Ltd,,PENDING_CLASSIFICATION,KEYIS supply chain · CH classification pending,Fire & Security,NW,,,,,,KEYIS Subcontractor H&S Register (NW),
1 — WARM (contact first),warm — existing KEYIS supply chain,UK Fire Protection,,PENDING_CLASSIFICATION,KEYIS supply chain · CH classification pending,Fire & Security,Main,,,,,,KEYIS Subcontractor H&S Register (Main),
1 — WARM (contact first),warm — existing KEYIS supply chain,URMSON LLP,,PENDING_CLASSIFICATION,KEYIS supply chain · CH classification pending,Commissioning,NW,,,,,,KEYIS Subcontractor H&S Register (NW),
1 — WARM (contact first),warm — existing KEYIS supply chain,USSG Ltd,,PENDING_CLASSIFICATION,KEYIS supply chain · CH classification pending,Fire & Security,NW,,,,,,KEYIS Subcontractor H&S Register (NW),
1 — WARM (contact first),warm — existing KEYIS supply chain,Universal Fire Protection,,PENDING_CLASSIFICATION,KEYIS supply chain · CH classification pending,Fire & Security,NW,,,,,,KEYIS Subcontractor H&S Register (NW),
1 — WARM (contact first),warm — existing KEYIS supply chain,VL,,PENDING_CLASSIFICATION,KEYIS supply chain · CH classification pending,Maintenance,NW,,,,,,KEYIS Subcontractor H&S Register (NW),
1 — WARM (contact first),warm — existing KEYIS supply chain,Vantage Solutions Ltd,,PENDING_CLASSIFICATION,KEYIS supply chain · CH classification pending,Crane Hire & Lifting,NW,,,,,,KEYIS Subcontractor H&S Register (NW),
1 — WARM (contact first),warm — existing KEYIS supply chain,W3Datacom Ltd,,PENDING_CLASSIFICATION,KEYIS supply chain · CH classification pending,Electrical Subcontractors,Main,,,,,,KEYIS Subcontractor H&S Register (Main),
1 — WARM (contact first),warm — existing KEYIS supply chain,WB Power Services Ltd,,PENDING_CLASSIFICATION,KEYIS supply chain · CH classification pending,UPS & Generators,NW,,,,,,KEYIS Subcontractor H&S Register (NW),
1 — WARM (contact first),warm — existing KEYIS supply chain,WMB Mechanical Ltd,,PENDING_CLASSIFICATION,KEYIS supply chain · CH classification pending,Mechanical / Installation,NW,,,,,,KEYIS Subcontractor H&S Register (NW),
1 — WARM (contact first),warm — existing KEYIS supply chain,WTM Insulation Ltd,,PENDING_CLASSIFICATION,KEYIS supply chain · CH classification pending,Road Surfacing,NW,,,,,,KEYIS Subcontractor H&S Register (NW),
1 — WARM (contact first),warm — existing KEYIS supply chain,WW Mechanical Services Ltd,,PENDING_CLASSIFICATION,KEYIS supply chain · CH classification pending,Piped Services,NW,,,,,,KEYIS Subcontractor H&S Register (NW),
1 — WARM (contact first),warm — existing KEYIS supply chain,Wagner UK Limited,,PENDING_CLASSIFICATION,KEYIS supply chain · CH classification pending,Fire & Security,Main,,,,,,KEYIS Subcontractor H&S Register (Main),
1 — WARM (contact first),warm — existing KEYIS supply chain,Walker Fire (UK) Ltd,,PENDING_CLASSIFICATION,KEYIS supply chain · CH classification pending,Fire & Security,NW,,,,,,KEYIS Subcontractor H&S Register (NW),
1 — WARM (contact first),warm — existing KEYIS supply chain,Wards of York,,PENDING_CLASSIFICATION,KEYIS supply chain · CH classification pending,Catering Installation,NW,,,,,,KEYIS Subcontractor H&S Register (NW),
1 — WARM (contact first),warm — existing KEYIS supply chain,Watermatic Fire Sprinklers,,PENDING_CLASSIFICATION,KEYIS supply chain · CH classification pending,Fire & Security,NW,,,,,,KEYIS Subcontractor H&S Register (NW),
1 — WARM (contact first),warm — existing KEYIS supply chain,Watt Engery Saver Ltd,,PENDING_CLASSIFICATION,KEYIS supply chain · CH classification pending,Electrical Subcontractors,Main,,,,,,KEYIS Subcontractor H&S Register (Main),
1 — WARM (contact first),warm — existing KEYIS supply chain,Wetherby Electrical Contractors Ltd,,PENDING_CLASSIFICATION,KEYIS supply chain · CH classification pending,Electrical Subcontractors,NW,,,,,,KEYIS Subcontractor H&S Register (NW),
1 — WARM (contact first),warm — existing KEYIS supply chain,Wysepower Ltd,,PENDING_CLASSIFICATION,KEYIS supply chain · CH classification pending,Electrical Subcontractors,Main,,,,,,KEYIS Subcontractor H&S Register (Main),
1 — WARM (contact first),warm — existing KEYIS supply chain,ZEST,,PENDING_CLASSIFICATION,KEYIS supply chain · CH classification pending,Electrical Subcontractors,NW,,,,,,KEYIS Subcontractor H&S Register (NW),
1 — WARM (contact first),warm — existing KEYIS supply chain,Zone Systems Ltd,,PENDING_CLASSIFICATION,KEYIS supply chain · CH classification pending,Fire & Security,Main,,,,,,KEYIS Subcontractor H&S Register (Main),
